{
  "users": [
    {
      "id": "53cc",
      "name": "holamundo",
      "nickname": "holamundo",
      "email": "jesusRamiroLondono@gmail.com",
      "password": "mySecurePassword",
      "profile_photo": "https://cdn-icons-png.flaticon.com/512/3135/3135715.png",
      "about": "changing user About",
      "status": "Desparchadisimo",
      "post_counter": 3,
      "parche_counter": 7,
      "credibility": 9.7,
      "parche_points": 120,
      "level_points": 600,
      "follower_counter": 2100,
      "following": 120,
      "last_login": "21/04/2024",
      "account_created": "01/09/2020",
      "birthday": "21/01/1990",
      "badges": [
        "commentor",
        "traveler",
        "landscaper"
      ],
      "level": "Guide",
      "enrolled_events": [
        "200102020301",
        "302112032"
      ]
    },
    {
      "id": "3e01",
      "name": "dannyKentala",
      "nickname": "dannyKentala",
      "email": "dannykentala23@gmail.com",
      "password": "andresdaviP8*",
      "profile_photo": "https://cdn-icons-png.flaticon.com/512/3135/3135823.png",
      "about": null,
      "status": "desparchado",
      "credibility": 0,
      "post_counter": 0,
      "parche_counter": 0,
      "parche_points": 0,
      "level_points": 0,
      "followers": [],
      "following": [
        "cancerbero",
        "gaboGarcia"
      ],
      "last_login": null,
      "account_created": null,
      "birthday": null,
      "badges": [],
      "level": "Turist",
      "enrolled_events": []
    },
    {
      "id": "3e15",
      "name": "mariaAlejandra",
      "nickname": "mariaAlejandra",
      "email": "mariaalejandra22@gmail.com",
      "password": "andresdaviP8*",
      "profile_photo": "https://cdn-icons-png.flaticon.com/512/3135/3135823.png",
      "about": null,
      "status": "desparchado",
      "credibility": 0,
      "post_counter": 0,
      "parche_counter": 0,
      "parche_points": 0,
      "level_points": 0,
      "followers": [],
      "following": [],
      "last_login": null,
      "account_created": null,
      "birthday": null,
      "badges": [],
      "level": "Turist",
      "enrolled_events": []
    }
  ],
  "services": [
    {
      "id": "e95b",
      "creatorID": "df4d",
      "name": "Salida Bogota, Colombia",
      "description": "Salida a la base Maritima de rionegro, este mates 22 de enero",
      "category": "New challenge for today",
      "location": "parque luces",
      "day": "21/04/2024",
      "hour": "1430",
      "people_enrolled": "1299",
      "price": "free",
      "likes":0,
      "comments":0
    },
    {
      "id": "ecae",
      "name": "Salida Postugal",
      "creatorID": "df4d",
      "description": "Comida callejeta y salida pa Manrique",
      "category": "Traveling in the city",
      "location": "medellin",
      "day": "22/10/2001",
      "hour": "2100",
      "people_enrolled": 0,
      "price": "cerveza por persona",
      "likes":0,
      "comments":0
    },
    {
      "id": "4fed",
      "name": "Salida Cartacho",
      "creatorID": "df4d",
      "description": "Comida callejeta y salida pa Manrique",
      "category": "Traveling in the city",
      "location": "medellin",
      "day": "22/10/2001",
      "hour": "2100",
      "people_enrolled": 0,
      "price": "cerveza por persona",
      "likes":0,
      "comments":0
    },
    {
      "id": "4da7",
      "name": "Salida Moscu en Roma",
      "creatorID": "df4d",
      "description": "Comida callejeta y salida pa Manrique",
      "category": "Traveling in the city",
      "location": "medellin",
      "day": "22/10/2001",
      "hour": "2100",
      "people_enrolled": 0,
      "price": "cerveza por persona",
      "likes":0,
      "comments":0
    },
    {
      "id": "c82c",
      "name": "Salida Moscu en Roma",
      "creatorID": "df4d",
      "description": "Comida callejeta y salida pa Manrique",
      "category": "Traveling in the city",
      "location": "medellin",
      "day": "22/10/2001",
      "hour": "2100",
      "people_enrolled": 0,
      "price": "cerveza por persona",
      "likes":0,
      "comments":0
    }
  ],
  "associates": [
    {
      "company": "comfama",
      "events": [
        "service1",
        "service2"
      ],
      "id": "8de2"
    }
  ],
  "follow": [
    {
      "id": "1e14as",
      "famous_id": "3e01",
      "fan_id": "53cc",
      "status": true
    },
    {
      "id": "e123",
      "famous_id": "3e01",
      "fan_id": "53c1",
      "status": false
    },
    {
      "id": "d764",
      "famous_id": "5678",
      "fan_id": "1234",
      "status": true
    },
    {
      "id": "85c6",
      "famous_id": "5678",
      "fan_id": "1234",
      "status": true
    },
    {
      "id": "01da",
      "famous_id": "3e15",
      "fan_id": "3e01",
      "status": true
    },
    {
      "id": "87c8",
      "famous_id": "lest work",
      "fan_id": "friend",
      "status": true
    },
    {
      "id": "4d23",
      "famous_id": "5678e",
      "fan_id": "1234e",
      "status": true
    },
    {
      "id": "87bb",
      "famous_id": "15678e",
      "fan_id": "1234e",
      "status": true
    },
    {
      "id": "aeb2",
      "famous_id": "125678e",
      "fan_id": "1234e",
      "status": true
    },
    {
      "id": "ace1",
      "famous_id": "6789",
      "fan_id": "1234e",
      "status": true
    },
    {
      "id": "7a5e",
      "famous_id": "6789",
      "fan_id": "a12345",
      "status": true
    },
    {
      "id": "7e62",
      "fan_id": "3e01",
      "status": true
    },
    {
      "id": "7da8",
      "fan_id": "3e01",
      "status": true
    },
    {
      "id": "9b8c",
      "famous_id": "53cc",
      "fan_id": "3e01",
      "status": true
    }
  ]
}